id,seq_len,gravy,tiny,small,aliphatic,aromatic,non_polar,polar,charged,basic,acidic,helix,turn,sheet
CGGGF,1.154035196613622,1.015981905945479,1.807130434224538,1.6589489421332229,-0.7523600174683445,0.6324597319263107,1.6589489421332229,-1.6589489421332224,-1.0836940773044346,-0.9261056724782671,-0.8095619663572955,0.039404333881126595,1.322087915050564,-0.9927900199130345
PKPK,-0.3394221166510657,-0.8982780887322501,-1.1053619596825353,0.07365989511402335,-0.7523600174683445,-0.5982727193897533,0.07365989511402335,-0.07365989511402317,0.37730066150363256,1.3265838011175175,-0.8095619663572955,-0.7818649406939325,0.9307973213584688,-0.9927900199130345
KDMK,-0.3394221166510657,-0.6837951761633169,-1.1053619596825353,-0.7189846283955763,-0.7523600174683445,-0.5982727193897533,-0.7189846283955763,0.7189846283955765,1.107798030907666,1.3265838011175175,0.4146737974314867,-0.7818649406939325,-1.0256556471020073,0.12749355118943984
RCP,-1.8328794299157534,-0.06715680252763369,0.10817653777874518,0.6020895774537564,-0.7523600174683445,-0.5982727193897533,0.6020895774537564,-0.6020895774537564,-0.10969758476572324,0.5756873099189226,-0.8095619663572955,-0.7818649406939325,0.2786463318716434,-0.9927900199130345
PKYK,-0.3394221166510657,-0.858062542625575,-1.1053619596825353,0.07365989511402335,-0.7523600174683445,0.9401428447553267,0.07365989511402335,-0.07365989511402317,0.37730066150363256,1.3265838011175175,-0.8095619663572955,0.24472165252489134,-0.0474291628717692,-0.9927900199130345
CGGG,-0.3394221166510657,0.7505593016414245,2.535253532701306,1.6589489421332229,-0.7523600174683445,-0.5982727193897533,1.6589489421332229,-1.6589489421332224,-1.0836940773044346,-0.9261056724782671,-0.8095619663572955,-0.7818649406939325,1.9090238055887068,-0.9927900199130345
CCCGF,1.154035196613622,1.6379823523953858,1.807130434224538,1.6589489421332229,-0.7523600174683445,0.6324597319263107,1.6589489421332229,-1.6589489421332224,-1.0836940773044346,-0.9261056724782671,-0.8095619663572955,0.039404333881126595,-0.24307445971781677,-0.9927900199130345
VHAA,-0.3394221166510657,1.1929303088148493,0.7149457865093855,0.866304418623623,2.803888128761336,0.9401428447553267,0.866304418623623,-0.8663044186236228,-0.35319670790040103,0.2002390643196252,-0.8095619663572955,0.24472165252489134,-1.0256556471020073,1.247777122291914
TPDS,-0.3394221166510657,-0.3084500791676836,0.7149457865093855,-0.7189846283955763,-0.7523600174683445,-0.5982727193897533,-0.7189846283955763,0.7189846283955765,-0.35319670790040103,-0.9261056724782671,0.4146737974314867,-0.7818649406939325,0.9307973213584688,-0.9927900199130345
AAIE,-0.3394221166510657,1.1929303088148493,0.7149457865093855,0.866304418623623,2.803888128761336,-0.5982727193897533,0.866304418623623,-0.8663044186236228,-0.35319670790040103,-0.9261056724782671,0.4146737974314867,0.24472165252489134,-1.0256556471020073,2.368060693394389
RNLL,-0.3394221166510657,0.5226712070369327,-1.1053619596825353,0.07365989511402335,1.6184720800181094,-0.5982727193897533,0.07365989511402335,-0.07365989511402317,-0.35319670790040103,0.2002390643196252,-0.8095619663572955,1.2713082457437153,-0.0474291628717692,1.247777122291914
ILAN,-0.3394221166510657,1.461033949526016,-0.19520808658657487,0.866304418623623,2.803888128761336,-0.5982727193897533,0.866304418623623,-0.8663044186236228,-1.0836940773044346,-0.9261056724782671,-0.8095619663572955,1.2713082457437153,-0.0474291628717692,1.247777122291914
ACGE,-0.3394221166510657,0.6299126633213995,1.6250996596053457,0.866304418623623,0.4330560312748825,-0.5982727193897533,0.866304418623623,-0.8663044186236228,-0.35319670790040103,-0.9261056724782671,0.4146737974314867,-0.7818649406939325,-0.0474291628717692,1.247777122291914
ATEN,-0.3394221166510657,-0.21461380491877538,0.7149457865093855,-0.7189846283955763,0.4330560312748825,-0.5982727193897533,-0.7189846283955763,0.7189846283955765,-0.35319670790040103,-0.9261056724782671,0.4146737974314867,-0.7818649406939325,-0.0474291628717692,1.247777122291914
CGKAG,1.154035196613622,0.5333953526653794,1.807130434224538,1.024833323325543,0.19597282152623716,-0.5982727193897533,1.024833323325543,-1.0248333233255427,-0.4992961817812077,-0.0250298830399532,-0.8095619663572955,-0.7818649406939325,0.5395067276663736,-0.09656316303105499
FSVF,-0.3394221166510657,1.7827583183794158,-0.19520808658657487,0.866304418623623,0.4330560312748825,2.4785584089004065,0.866304418623623,-0.8663044186236228,-1.0836940773044346,-0.9261056724782671,-0.8095619663572955,2.2978948389625393,-0.0474291628717692,-0.9927900199130345
KEDKK,1.154035196613622,-1.4291232973403598,-1.1053619596825353,-1.5116291519051759,-0.7523600174683445,-0.5982727193897533,-1.5116291519051759,1.511629151905176,1.8382954003116996,1.7771216958366742,1.1492152557047561,-0.7818649406939325,-1.0256556471020073,-0.09656316303105499
MGVE,-0.3394221166510657,0.8712059399614493,-0.19520808658657487,0.866304418623623,0.4330560312748825,-0.5982727193897533,0.866304418623623,-0.8663044186236228,-0.35319670790040103,-0.9261056724782671,0.4146737974314867,0.24472165252489134,-0.0474291628717692,1.247777122291914
RVC,-1.8328794299157534,0.9695106082222105,0.10817653777874518,0.6020895774537564,0.8281947141892914,-0.5982727193897533,0.6020895774537564,-0.6020895774537564,-0.10969758476572324,0.5756873099189226,-0.8095619663572955,0.5869171835978325,-1.0256556471020073,-0.9927900199130345
DENL,-0.3394221166510657,-0.321855261203242,-1.1053619596825353,-0.7189846283955763,0.4330560312748825,-0.5982727193897533,-0.7189846283955763,0.7189846283955765,0.37730066150363256,-0.9261056724782671,1.6389095612202687,0.24472165252489134,-0.0474291628717692,1.247777122291914
CGDGF,1.154035196613622,0.6835333914636327,1.0790073357477699,1.024833323325543,-0.7523600174683445,0.6324597319263107,1.024833323325543,-1.0248333233255427,-0.4992961817812077,-0.9261056724782671,0.1698266446737303,0.039404333881126595,0.5395067276663736,-0.9927900199130345
NLVG,-0.3394221166510657,1.1259043986370576,-0.19520808658657487,0.866304418623623,1.6184720800181094,-0.5982727193897533,0.866304418623623,-0.8663044186236228,-1.0836940773044346,-0.9261056724782671,-0.8095619663572955,1.2713082457437153,0.9307973213584688,0.12749355118943984
AKGS,-0.3394221166510657,0.13392092800574124,1.6250996596053457,0.07365989511402335,0.4330560312748825,-0.5982727193897533,0.07365989511402335,-0.07365989511402317,-0.35319670790040103,0.2002390643196252,-0.8095619663572955,-0.7818649406939325,0.9307973213584688,0.12749355118943984
DAP,-1.8328794299157534,-0.013536074385400328,0.10817653777874518,0.6020895774537564,0.8281947141892914,-0.5982727193897533,0.6020895774537564,-0.6020895774537564,-0.10969758476572324,-0.9261056724782671,0.8227523853610806,-0.7818649406939325,0.2786463318716434,0.5009214082235979
PKPF,-0.3394221166510657,-0.00013089234984204622,-1.1053619596825353,0.866304418623623,-0.7523600174683445,0.9401428447553267,0.866304418623623,-0.8663044186236228,-0.35319670790040103,0.2002390643196252,-0.8095619663572955,0.24472165252489134,0.9307973213584688,-0.9927900199130345
PPPK,-0.3394221166510657,-0.5899589019144087,-1.1053619596825353,0.866304418623623,-0.7523600174683445,-0.5982727193897533,0.866304418623623,-0.8663044186236228,-0.35319670790040103,0.2002390643196252,-0.8095619663572955,-0.7818649406939325,1.9090238055887068,-0.9927900199130345
KEEKG,1.154035196613622,-1.0537782003447267,-0.3772388612057669,-0.8775135330974962,-0.7523600174683445,-0.5982727193897533,-0.8775135330974962,0.8775135330974966,1.253897504788473,0.8760459063983607,1.1492152557047561,-0.7818649406939325,-0.24307445971781677,0.7996636938509245
KEEEK,1.154035196613622,-1.3862267148265734,-1.1053619596825353,-1.5116291519051759,-0.7523600174683445,-0.5982727193897533,-1.5116291519051759,1.511629151905176,1.8382954003116996,0.8760459063983607,2.1286038667357814,-0.7818649406939325,-1.0256556471020073,1.6958905507329038
AYKN,-0.3394221166510657,-0.3486656252743587,-0.19520808658657487,0.07365989511402335,0.4330560312748825,0.9401428447553267,0.07365989511402335,-0.07365989511402317,-0.35319670790040103,0.2002390643196252,-0.8095619663572955,0.24472165252489134,-0.0474291628717692,0.12749355118943984
NPD,-1.8328794299157534,-0.960835604898189,-1.1053619596825353,-0.4547697872257098,-0.7523600174683445,-0.5982727193897533,-0.4547697872257098,0.4547697872257098,-0.10969758476572324,-0.9261056724782671,0.8227523853610806,-0.7818649406939325,1.582948310845294,-0.9927900199130345
NEPL,-0.3394221166510657,-0.06715680252763369,-1.1053619596825353,0.07365989511402335,0.4330560312748825,-0.5982727193897533,0.07365989511402335,-0.07365989511402317,-0.35319670790040103,-0.9261056724782671,0.4146737974314867,0.24472165252489134,0.9307973213584688,1.247777122291914
TAC,-1.8328794299157534,1.2197406728859657,2.535253532701306,0.6020895774537564,0.8281947141892914,-0.5982727193897533,0.6020895774537564,-0.6020895774537564,-1.0836940773044346,-0.9261056724782671,-0.8095619663572955,-0.7818649406939325,-1.0256556471020073,0.5009214082235979
PYPGQ,1.154035196613622,-0.32453629761035374,-0.3772388612057669,1.024833323325543,-0.7523600174683445,0.6324597319263107,1.024833323325543,-1.0248333233255427,-1.0836940773044346,-0.9261056724782671,-0.8095619663572955,0.039404333881126595,1.3220879150505644,-0.9927900199130345
CCSGY,1.154035196613622,0.8443955758903327,1.807130434224538,1.024833323325543,-0.7523600174683445,0.6324597319263107,1.024833323325543,-1.0248333233255427,-1.0836940773044346,-0.9261056724782671,-0.8095619663572955,0.039404333881126595,0.5395067276663736,-0.9927900199130345
CK,-3.3263367431804407,0.2009468381835329,0.7149457865093855,0.07365989511402335,-0.7523600174683445,-0.5982727193897533,0.07365989511402335,-0.07365989511402317,0.37730066150363256,1.3265838011175175,-0.8095619663572955,-0.7818649406939325,-1.0256556471020073,-0.9927900199130345
WKPK,-0.3394221166510657,-0.804441814483342,-1.1053619596825353,0.07365989511402335,-0.7523600174683445,0.9401428447553267,0.07365989511402335,-0.07365989511402317,0.37730066150363256,1.3265838011175175,-0.8095619663572955,0.24472165252489134,-0.0474291628717692,-0.9927900199130345
DEKT,-0.3394221166510657,-0.9787091809456001,-0.19520808658657487,-1.5116291519051759,-0.7523600174683445,-0.5982727193897533,-1.5116291519051759,1.511629151905176,1.107798030907666,0.2002390643196252,1.6389095612202687,-0.7818649406939325,-1.0256556471020073,0.12749355118943984
CGGGY,1.154035196613622,0.5762919351791661,1.807130434224538,1.6589489421332229,-0.7523600174683445,0.6324597319263107,1.6589489421332229,-1.6589489421332224,-1.0836940773044346,-0.9261056724782671,-0.8095619663572955,0.039404333881126595,1.322087915050564,-0.9927900199130345
EEER,-0.3394221166510657,-1.4344853701545832,-1.1053619596825353,-1.5116291519051759,-0.7523600174683445,-0.5982727193897533,-1.5116291519051759,1.511629151905176,1.8382954003116996,0.2002390643196252,2.863145325009051,-0.7818649406939325,-1.0256556471020073,2.368060693394389
PSPK,-0.3394221166510657,-0.48271744562994195,-0.19520808658657487,0.07365989511402335,-0.7523600174683445,-0.5982727193897533,0.07365989511402335,-0.07365989511402317,-0.35319670790040103,0.2002390643196252,-0.8095619663572955,-0.7818649406939325,1.9090238055887068,-0.9927900199130345
FSLEL,1.154035196613622,1.2304648185144127,-0.3772388612057669,0.3907177045178635,1.1443056605208188,0.6324597319263107,0.3907177045178635,-0.390717704517863,-0.4992961817812077,-0.9261056724782671,0.1698266446737303,1.681942883031245,-0.24307445971781677,1.6958905507329043
TQLA,-0.3394221166510657,0.7639644836769827,0.7149457865093855,0.07365989511402335,1.6184720800181094,-0.5982727193897533,0.07365989511402335,-0.07365989511402317,-1.0836940773044346,-0.9261056724782671,-0.8095619663572955,0.24472165252489134,-1.0256556471020073,1.247777122291914
CGCCG,1.154035196613622,1.2948096922850925,2.535253532701306,1.6589489421332229,-0.7523600174683445,-0.5982727193897533,1.6589489421332229,-1.6589489421332224,-1.0836940773044346,-0.9261056724782671,-0.8095619663572955,-0.7818649406939325,0.5395067276663736,-0.9927900199130345
KDLE,-0.3394221166510657,-0.3754759893454754,-1.1053619596825353,-0.7189846283955763,0.4330560312748825,-0.5982727193897533,-0.7189846283955763,0.7189846283955765,1.107798030907666,0.2002390643196252,1.6389095612202687,0.24472165252489134,-1.0256556471020073,1.247777122291914
RGIG,-0.3394221166510657,0.4690504788946994,0.7149457865093855,0.866304418623623,0.4330560312748825,-0.5982727193897533,0.866304418623623,-0.8663044186236228,-0.35319670790040103,0.2002390643196252,-0.8095619663572955,0.24472165252489134,0.9307973213584688,-0.9927900199130345
KEETK,1.154035196613622,-1.0859506372300667,-0.3772388612057669,-1.5116291519051759,-0.7523600174683445,-0.5982727193897533,-1.5116291519051759,1.511629151905176,1.253897504788473,0.8760459063983607,1.1492152557047561,-0.7818649406939325,-1.0256556471020073,0.7996636938509245
VKSY,-0.3394221166510657,0.3349986585391162,-0.19520808658657487,0.07365989511402335,0.4330560312748825,0.9401428447553267,0.07365989511402335,-0.07365989511402317,-0.35319670790040103,0.2002390643196252,-0.8095619663572955,1.2713082457437153,-0.0474291628717692,-0.9927900199130345
CGGGA,1.154035196613622,0.9087404496610128,2.535253532701306,1.6589489421332229,0.19597282152623716,-0.5982727193897533,1.6589489421332229,-1.6589489421332224,-1.0836940773044346,-0.9261056724782671,-0.8095619663572955,-0.7818649406939325,1.322087915050564,-0.09656316303105499
KEEIK,1.154035196613622,-0.5282950645508403,-1.1053619596825353,-0.8775135330974962,0.19597282152623716,-0.5982727193897533,-0.8775135330974962,0.8775135330974966,1.253897504788473,0.8760459063983607,1.1492152557047561,0.039404333881126595,-1.0256556471020073,0.7996636938509245
KEERK,1.154035196613622,-1.49346817111104,-1.1053619596825353,-1.5116291519051759,-0.7523600174683445,-0.5982727193897533,-1.5116291519051759,1.511629151905176,1.8382954003116996,1.7771216958366747,1.1492152557047561,-0.7818649406939325,-1.0256556471020073,0.7996636938509245
EDKK,-0.3394221166510657,-1.4076750060834666,-1.1053619596825353,-1.5116291519051759,-0.7523600174683445,-0.5982727193897533,-1.5116291519051759,1.511629151905176,1.8382954003116996,1.3265838011175175,1.6389095612202687,-0.7818649406939325,-1.0256556471020073,0.12749355118943984
KDKK,-0.3394221166510657,-1.4612957342257,-1.1053619596825353,-1.5116291519051759,-0.7523600174683445,-0.5982727193897533,-1.5116291519051759,1.511629151905176,1.8382954003116996,2.4529285379154095,0.4146737974314867,-0.7818649406939325,-1.0256556471020073,-0.9927900199130345
LSLFL,1.154035196613622,2.013327449391019,-0.3772388612057669,1.024833323325543,2.0926384995154,0.6324597319263107,1.024833323325543,-1.0248333233255427,-1.0836940773044346,-0.9261056724782671,-0.8095619663572955,2.5032121576063044,-0.24307445971781677,1.6958905507329038
KKETK,1.154035196613622,-1.1288472197438535,-0.3772388612057669,-1.5116291519051759,-0.7523600174683445,-0.5982727193897533,-1.5116291519051759,1.511629151905176,1.253897504788473,1.7771216958366742,0.1698266446737303,-0.7818649406939325,-1.0256556471020073,-0.09656316303105499
EEEKK,1.154035196613622,-1.3862267148265734,-1.1053619596825353,-1.5116291519051759,-0.7523600174683445,-0.5982727193897533,-1.5116291519051759,1.511629151905176,1.8382954003116996,0.8760459063983607,2.1286038667357814,-0.7818649406939325,-1.0256556471020073,1.6958905507329038
KQAQ,-0.3394221166510657,-0.6435796300566421,-0.19520808658657487,-0.7189846283955763,0.4330560312748825,-0.5982727193897533,-0.7189846283955763,0.7189846283955765,-0.35319670790040103,0.2002390643196252,-0.8095619663572955,-0.7818649406939325,-1.0256556471020073,0.12749355118943984
VTDS,-0.3394221166510657,0.4690504788946995,0.7149457865093855,-0.7189846283955763,0.4330560312748825,-0.5982727193897533,-0.7189846283955763,0.7189846283955765,-0.35319670790040103,-0.9261056724782671,0.4146737974314867,0.24472165252489134,-0.0474291628717692,-0.9927900199130345
PKAK,-0.3394221166510657,-0.4425018995232669,-0.19520808658657487,0.07365989511402335,0.4330560312748825,-0.5982727193897533,0.07365989511402335,-0.07365989511402317,0.37730066150363256,1.3265838011175175,-0.8095619663572955,-0.7818649406939325,-0.0474291628717692,0.12749355118943984
WNS,-1.8328794299157534,-0.35313401928621146,0.10817653777874518,-0.4547697872257098,-0.7523600174683445,1.4529480328036866,-0.4547697872257098,0.4547697872257098,-1.0836940773044346,-0.9261056724782671,-0.8095619663572955,0.5869171835978325,1.582948310845294,-0.9927900199130345
QDVD,-0.3394221166510657,-0.26823453306100864,-1.1053619596825353,-0.7189846283955763,0.4330560312748825,-0.5982727193897533,-0.7189846283955763,0.7189846283955765,0.37730066150363256,-0.9261056724782671,1.6389095612202687,0.24472165252489134,-1.0256556471020073,-0.9927900199130345
CCCGG,1.154035196613622,1.2948096922850925,2.535253532701306,1.6589489421332229,-0.7523600174683445,-0.5982727193897533,1.6589489421332229,-1.6589489421332224,-1.0836940773044346,-0.9261056724782671,-0.8095619663572955,-0.7818649406939325,0.5395067276663736,-0.9927900199130345
CQNGG,1.154035196613622,0.007912216871492898,1.0790073357477699,0.3907177045178635,-0.7523600174683445,-0.5982727193897533,0.3907177045178635,-0.390717704517863,-1.0836940773044346,-0.9261056724782671,-0.8095619663572955,-0.7818649406939325,1.3220879150505644,-0.9927900199130345
ILFS,-0.3394221166510657,1.957025684841674,-0.19520808658657487,0.866304418623623,1.6184720800181094,0.9401428447553267,0.866304418623623,-0.8663044186236228,-1.0836940773044346,-0.9261056724782671,-0.8095619663572955,2.2978948389625393,-0.0474291628717692,0.12749355118943984
CNICG,1.154035196613622,1.176844090372179,1.0790073357477699,1.024833323325543,0.19597282152623716,-0.5982727193897533,1.024833323325543,-1.0248333233255427,-1.0836940773044346,-0.9261056724782671,-0.8095619663572955,0.039404333881126595,0.5395067276663736,-0.9927900199130345
NEAK,-0.3394221166510657,-0.6435796300566419,-0.19520808658657487,-0.7189846283955763,0.4330560312748825,-0.5982727193897533,-0.7189846283955763,0.7189846283955765,0.37730066150363256,0.2002390643196252,0.4146737974314867,-0.7818649406939325,-0.0474291628717692,1.247777122291914
PTHP,-0.3394221166510657,-0.37547598934547527,-0.19520808658657487,0.07365989511402335,-0.7523600174683445,0.9401428447553267,0.07365989511402335,-0.07365989511402317,-0.35319670790040103,0.2002390643196252,-0.8095619663572955,-0.7818649406939325,0.9307973213584688,-0.9927900199130345
DEEKK,1.154035196613622,-1.3862267148265734,-1.1053619596825353,-1.5116291519051759,-0.7523600174683445,-0.5982727193897533,-1.5116291519051759,1.511629151905176,1.8382954003116996,0.8760459063983607,2.128603866735782,-0.7818649406939325,-1.0256556471020073,0.7996636938509245
PYQSG,1.154035196613622,-0.23874313258278035,0.35088423727100143,0.3907177045178635,-0.7523600174683445,0.6324597319263107,0.3907177045178635,-0.390717704517863,-1.0836940773044346,-0.9261056724782671,-0.8095619663572955,0.039404333881126595,1.3220879150505644,-0.9927900199130345
FGGG,-0.3394221166510657,0.7907748477480994,1.6250996596053457,1.6589489421332229,-0.7523600174683445,0.9401428447553267,1.6589489421332229,-1.6589489421332224,-1.0836940773044346,-0.9261056724782671,-0.8095619663572955,0.24472165252489134,1.9090238055887068,-0.9927900199130345
YPSG,-0.3394221166510657,0.026679471721274516,0.7149457865093855,0.866304418623623,-0.7523600174683445,0.9401428447553267,0.866304418623623,-0.8663044186236228,-1.0836940773044346,-0.9261056724782671,-0.8095619663572955,0.24472165252489134,1.9090238055887068,-0.9927900199130345
QVAS,-0.3394221166510657,0.8041800297836577,0.7149457865093855,0.07365989511402335,1.6184720800181094,-0.5982727193897533,0.07365989511402335,-0.07365989511402317,-1.0836940773044346,-0.9261056724782671,-0.8095619663572955,0.24472165252489134,-0.0474291628717692,0.12749355118943984
YVIL,-0.3394221166510657,2.077672323161699,-1.1053619596825353,1.6589489421332229,2.803888128761336,0.9401428447553267,1.6589489421332229,-1.6589489421332224,-1.0836940773044346,-0.9261056724782671,-0.8095619663572955,3.324481432181363,-1.0256556471020073,0.12749355118943984
CNGGG,1.154035196613622,0.3403607313533395,1.807130434224538,1.024833323325543,-0.7523600174683445,-0.5982727193897533,1.024833323325543,-1.0248333233255427,-1.0836940773044346,-0.9261056724782671,-0.8095619663572955,-0.7818649406939325,2.1046691024347544,-0.9927900199130345
GDKK,-0.3394221166510657,-0.9921143629811583,-0.19520808658657487,-0.7189846283955763,-0.7523600174683445,-0.5982727193897533,-0.7189846283955763,0.7189846283955765,1.107798030907666,1.3265838011175175,0.4146737974314867,-0.7818649406939325,-0.0474291628717692,-0.9927900199130345
FSLFL,1.154035196613622,1.9060859931065521,-0.3772388612057669,1.024833323325543,1.1443056605208188,1.8631921832423748,1.024833323325543,-1.0248333233255427,-1.0836940773044346,-0.9261056724782671,-0.8095619663572955,2.5032121576063044,-0.24307445971781677,0.7996636938509245
KKGKK,1.154035196613622,-1.1395713653723,-0.3772388612057669,-0.8775135330974962,-0.7523600174683445,-0.5982727193897533,-0.8775135330974962,0.8775135330974966,1.253897504788473,2.6781974852749886,-0.8095619663572955,-0.7818649406939325,-0.24307445971781677,-0.9927900199130345
IIAG,-0.3394221166510657,1.9704308668772323,0.7149457865093855,1.6589489421332229,2.803888128761336,-0.5982727193897533,1.6589489421332229,-1.6589489421332224,-1.0836940773044346,-0.9261056724782671,-0.8095619663572955,1.2713082457437153,-0.0474291628717692,0.12749355118943984
AEG,-1.8328794299157534,0.20094683818353284,1.3217150352400255,0.6020895774537564,0.8281947141892914,-0.5982727193897533,0.6020895774537564,-0.6020895774537564,-0.10969758476572324,-0.9261056724782671,0.8227523853610806,-0.7818649406939325,0.2786463318716434,1.9946328363602301
ILDN,-0.3394221166510657,0.7505593016414245,-1.1053619596825353,0.07365989511402335,1.6184720800181094,-0.5982727193897533,0.07365989511402335,-0.07365989511402317,-0.35319670790040103,-0.9261056724782671,0.4146737974314867,1.2713082457437153,-0.0474291628717692,0.12749355118943984
DKE,-1.8328794299157534,-1.3719278539886444,-1.1053619596825353,-1.5116291519051759,-0.7523600174683445,-0.5982727193897533,-1.5116291519051759,1.511629151905176,1.8382954003116996,0.5756873099189226,2.4550667370794566,-0.7818649406939325,-1.0256556471020073,0.5009214082235979
KKEKK,1.154035196613622,-1.4720198798541468,-1.1053619596825353,-1.5116291519051759,-0.7523600174683445,-0.5982727193897533,-1.5116291519051759,1.511629151905176,1.8382954003116996,2.6781974852749886,0.1698266446737303,-0.7818649406939325,-1.0256556471020073,-0.09656316303105499
AYAR,-0.3394221166510657,0.2813779303968828,0.7149457865093855,0.866304418623623,1.6184720800181094,0.9401428447553267,0.866304418623623,-0.8663044186236228,-0.35319670790040103,0.2002390643196252,-0.8095619663572955,0.24472165252489134,-1.0256556471020073,1.247777122291914
PYPSG,1.154035196613622,-0.03498436564229379,0.35088423727100143,1.024833323325543,-0.7523600174683445,0.6324597319263107,1.024833323325543,-1.0248333233255427,-1.0836940773044346,-0.9261056724782671,-0.8095619663572955,0.039404333881126595,2.1046691024347544,-0.9927900199130345
CVAF,-0.3394221166510657,2.091077505197257,0.7149457865093855,1.6589489421332229,1.6184720800181094,0.9401428447553267,1.6589489421332229,-1.6589489421332224,-1.0836940773044346,-0.9261056724782671,-0.8095619663572955,1.2713082457437153,-1.0256556471020073,0.12749355118943984
GHWTQ,1.154035196613622,-0.3567087344956935,0.35088423727100143,-0.24339791428981644,-0.7523600174683445,1.8631921832423748,-0.24339791428981644,0.24339791428981697,-0.4992961817812077,-0.0250298830399532,-0.8095619663572955,0.039404333881126595,-0.24307445971781677,-0.9927900199130345
GEEKK,1.154035196613622,-1.0537782003447267,-0.3772388612057669,-0.8775135330974962,-0.7523600174683445,-0.5982727193897533,-0.8775135330974962,0.8775135330974966,1.253897504788473,0.8760459063983607,1.1492152557047561,-0.7818649406939325,-0.24307445971781677,0.7996636938509245
FKAK,-0.3394221166510657,0.14732611004129953,-0.19520808658657487,0.07365989511402335,0.4330560312748825,0.9401428447553267,0.07365989511402335,-0.07365989511402317,0.37730066150363256,1.3265838011175175,-0.8095619663572955,0.24472165252489134,-1.0256556471020073,0.12749355118943984
KCT,-1.8328794299157534,0.20094683818353296,1.3217150352400255,-0.4547697872257098,-0.7523600174683445,-0.5982727193897533,-0.4547697872257098,0.4547697872257098,-0.10969758476572324,0.5756873099189226,-0.8095619663572955,-0.7818649406939325,-1.0256556471020073,-0.9927900199130345
VYPSG,1.154035196613622,0.5870160808076128,0.35088423727100143,1.024833323325543,0.19597282152623716,0.6324597319263107,1.024833323325543,-1.0248333233255427,-1.0836940773044346,-0.9261056724782671,-0.8095619663572955,0.8606736084561857,1.3220879150505644,-0.9927900199130345
KHP,-1.8328794299157534,-0.9787091809456001,-1.1053619596825353,-0.4547697872257098,-0.7523600174683445,1.4529480328036866,-0.4547697872257098,0.4547697872257098,0.8642989077729881,2.077480292316112,-0.8095619663572955,-0.7818649406939325,0.2786463318716434,-0.9927900199130345
KTKL,-0.3394221166510657,-0.05375162049207541,-0.19520808658657487,-0.7189846283955763,0.4330560312748825,-0.5982727193897533,-0.7189846283955763,0.7189846283955765,0.37730066150363256,1.3265838011175175,-0.8095619663572955,0.24472165252489134,-1.0256556471020073,0.12749355118943984
AEAD,-0.3394221166510657,0.1205157459701829,0.7149457865093855,0.07365989511402335,1.6184720800181094,-0.5982727193897533,0.07365989511402335,-0.07365989511402317,0.37730066150363256,-0.9261056724782671,1.6389095612202687,-0.7818649406939325,-1.0256556471020073,2.368060693394389
AETD,-0.3394221166510657,-0.21461380491877538,0.7149457865093855,-0.7189846283955763,0.4330560312748825,-0.5982727193897533,-0.7189846283955763,0.7189846283955765,0.37730066150363256,-0.9261056724782671,1.6389095612202687,-0.7818649406939325,-1.0256556471020073,1.247777122291914
VDEG,-0.3394221166510657,0.14732611004129958,-0.19520808658657487,0.07365989511402335,0.4330560312748825,-0.5982727193897533,0.07365989511402335,-0.07365989511402317,0.37730066150363256,-0.9261056724782671,1.6389095612202687,0.24472165252489134,-0.0474291628717692,0.12749355118943984
DQAG,-0.3394221166510657,-0.17439825881210042,0.7149457865093855,0.07365989511402335,0.4330560312748825,-0.5982727193897533,0.07365989511402335,-0.07365989511402317,-0.35319670790040103,-0.9261056724782671,0.4146737974314867,-0.7818649406939325,-0.0474291628717692,0.12749355118943984
PGNV,-0.3394221166510657,0.40202456871690784,-0.19520808658657487,0.866304418623623,0.4330560312748825,-0.5982727193897533,0.866304418623623,-0.8663044186236228,-1.0836940773044346,-0.9261056724782671,-0.8095619663572955,0.24472165252489134,1.9090238055887068,-0.9927900199130345
CGIGR,1.154035196613622,0.7586024108627593,1.0790073357477699,1.024833323325543,0.19597282152623716,-0.5982727193897533,1.024833323325543,-1.0248333233255427,-0.4992961817812077,-0.0250298830399532,-0.8095619663572955,0.039404333881126595,0.5395067276663736,-0.9927900199130345
WNT,-1.8328794299157534,-0.3352604432388004,0.10817653777874518,-0.4547697872257098,-0.7523600174683445,1.4529480328036866,-0.4547697872257098,0.4547697872257098,-1.0836940773044346,-0.9261056724782671,-0.8095619663572955,0.5869171835978325,0.2786463318716434,-0.9927900199130345
EEKK,-0.3394221166510657,-1.4076750060834666,-1.1053619596825353,-1.5116291519051759,-0.7523600174683445,-0.5982727193897533,-1.5116291519051759,1.511629151905176,1.8382954003116996,1.3265838011175175,1.6389095612202687,-0.7818649406939325,-1.0256556471020073,1.247777122291914
RYPSG,1.154035196613622,-0.3459845888672471,0.35088423727100143,0.3907177045178635,-0.7523600174683445,0.6324597319263107,0.3907177045178635,-0.390717704517863,-0.4992961817812077,-0.0250298830399532,-0.8095619663572955,0.039404333881126595,1.3220879150505644,-0.9927900199130345
MIE,-1.8328794299157534,1.0946256405540882,-1.1053619596825353,0.6020895774537564,0.8281947141892914,-0.5982727193897533,0.6020895774537564,-0.6020895774537564,-0.10969758476572324,-0.9261056724782671,0.8227523853610806,0.5869171835978325,-1.0256556471020073,1.9946328363602301
TML,-1.8328794299157534,1.4699707375497213,0.10817653777874518,0.6020895774537564,0.8281947141892914,-0.5982727193897533,0.6020895774537564,-0.6020895774537564,-1.0836940773044346,-0.9261056724782671,-0.8095619663572955,0.5869171835978325,-1.0256556471020073,1.9946328363602301
KYKS,-0.3394221166510657,-0.7508210863411086,-0.19520808658657487,-0.7189846283955763,-0.7523600174683445,0.9401428447553267,-0.7189846283955763,0.7189846283955765,0.37730066150363256,1.3265838011175175,-0.8095619663572955,0.24472165252489134,-0.0474291628717692,-0.9927900199130345
FSL,-1.8328794299157534,1.6129593459290101,0.10817653777874518,0.6020895774537564,0.8281947141892914,1.4529480328036866,0.6020895774537564,-0.6020895774537564,-1.0836940773044346,-0.9261056724782671,-0.8095619663572955,1.9556993078895977,0.2786463318716434,0.5009214082235979
EEETK,1.154035196613622,-1.04305405471628,-0.3772388612057669,-1.5116291519051759,-0.7523600174683445,-0.5982727193897533,-1.5116291519051759,1.511629151905176,1.253897504788473,-0.0250298830399532,2.1286038667357814,-0.7818649406939325,-1.0256556471020073,1.6958905507329038
NVY,-1.8328794299157534,0.4690504788946995,-1.1053619596825353,0.6020895774537564,0.8281947141892914,1.4529480328036866,0.6020895774537564,-0.6020895774537564,-1.0836940773044346,-0.9261056724782671,-0.8095619663572955,1.9556993078895977,0.2786463318716434,-0.9927900199130345
YSHS,-0.3394221166510657,-0.24142416898989208,0.7149457865093855,-0.7189846283955763,-0.7523600174683445,2.4785584089004065,-0.7189846283955763,0.7189846283955765,-0.35319670790040103,0.2002390643196252,-0.8095619663572955,0.24472165252489134,0.9307973213584688,-0.9927900199130345
HWF,-1.8328794299157534,0.3439354465628216,-1.1053619596825353,0.6020895774537564,-0.7523600174683445,5.555389537190567,0.6020895774537564,-0.6020895774537564,-0.10969758476572324,0.5756873099189226,-0.8095619663572955,1.9556993078895977,-1.0256556471020073,-0.9927900199130345
KDEK,-0.3394221166510657,-1.4076750060834666,-1.1053619596825353,-1.5116291519051759,-0.7523600174683445,-0.5982727193897533,-1.5116291519051759,1.511629151905176,1.8382954003116996,1.3265838011175175,1.6389095612202687,-0.7818649406939325,-1.0256556471020073,0.12749355118943984
GGVI,-0.3394221166510657,1.635301315988274,0.7149457865093855,1.6589489421332229,1.6184720800181094,-0.5982727193897533,1.6589489421332229,-1.6589489421332224,-1.0836940773044346,-0.9261056724782671,-0.8095619663572955,1.2713082457437153,0.9307973213584688,-0.9927900199130345
KKIS,-0.3394221166510657,0.026679471721274637,-0.19520808658657487,-0.7189846283955763,0.4330560312748825,-0.5982727193897533,-0.7189846283955763,0.7189846283955765,0.37730066150363256,1.3265838011175175,-0.8095619663572955,0.24472165252489134,-0.0474291628717692,-0.9927900199130345
VEAV,-0.3394221166510657,1.4744391315615744,-0.19520808658657487,0.866304418623623,2.803888128761336,-0.5982727193897533,0.866304418623623,-0.8663044186236228,-0.35319670790040103,-0.9261056724782671,0.4146737974314867,1.2713082457437153,-1.0256556471020073,1.247777122291914
HWT,-1.8328794299157534,-0.28163971509656716,0.10817653777874518,-0.4547697872257098,-0.7523600174683445,3.5041687849971264,-0.4547697872257098,0.4547697872257098,-0.10969758476572324,0.5756873099189226,-0.8095619663572955,0.5869171835978325,-1.0256556471020073,-0.9927900199130345
KDAK,-0.3394221166510657,-0.6972003581988752,-0.19520808658657487,-0.7189846283955763,0.4330560312748825,-0.5982727193897533,-0.7189846283955763,0.7189846283955765,1.107798030907666,1.3265838011175175,0.4146737974314867,-0.7818649406939325,-1.0256556471020073,0.12749355118943984
LYPSG,1.154035196613622,0.5441194982938261,0.35088423727100143,1.024833323325543,0.19597282152623716,0.6324597319263107,1.024833323325543,-1.0248333233255427,-1.0836940773044346,-0.9261056724782671,-0.8095619663572955,0.8606736084561857,1.3220879150505644,-0.09656316303105499
DSTL,-0.3394221166510657,0.41542975075246613,0.7149457865093855,-0.7189846283955763,0.4330560312748825,-0.5982727193897533,-0.7189846283955763,0.7189846283955765,-0.35319670790040103,-0.9261056724782671,0.4146737974314867,0.24472165252489134,-0.0474291628717692,0.12749355118943984
CGIGG,1.154035196613622,1.1982923816290725,1.807130434224538,1.6589489421332229,0.19597282152623716,-0.5982727193897533,1.6589489421332229,-1.6589489421332224,-1.0836940773044346,-0.9261056724782671,-0.8095619663572955,0.039404333881126595,1.322087915050564,-0.9927900199130345
CGEGE,1.154035196613622,0.007912216871492898,1.0790073357477699,0.3907177045178635,-0.7523600174683445,-0.5982727193897533,0.3907177045178635,-0.390717704517863,0.08510171374201916,-0.9261056724782671,1.1492152557047561,-0.7818649406939325,0.5395067276663736,0.7996636938509245
CGDSG,1.154035196613622,0.29746414883955286,1.807130434224538,0.3907177045178635,-0.7523600174683445,-0.5982727193897533,0.3907177045178635,-0.390717704517863,-0.4992961817812077,-0.9261056724782671,0.1698266446737303,-0.7818649406939325,1.3220879150505644,-0.9927900199130345
KDEKK,1.154035196613622,-1.4291232973403598,-1.1053619596825353,-1.5116291519051759,-0.7523600174683445,-0.5982727193897533,-1.5116291519051759,1.511629151905176,1.8382954003116996,1.7771216958366742,1.1492152557047561,-0.7818649406939325,-1.0256556471020073,-0.09656316303105499
KEEDK,1.154035196613622,-1.3862267148265734,-1.1053619596825353,-1.5116291519051759,-0.7523600174683445,-0.5982727193897533,-1.5116291519051759,1.511629151905176,1.8382954003116996,0.8760459063983607,2.128603866735782,-0.7818649406939325,-1.0256556471020073,0.7996636938509245
RYDD,-0.3394221166510657,-1.1395713653723,-1.1053619596825353,-0.7189846283955763,-0.7523600174683445,0.9401428447553267,-0.7189846283955763,0.7189846283955765,1.107798030907666,0.2002390643196252,1.6389095612202687,0.24472165252489134,-1.0256556471020073,-0.9927900199130345
KCS,-1.8328794299157534,0.18307326213612174,1.3217150352400255,-0.4547697872257098,-0.7523600174683445,-0.5982727193897533,-0.4547697872257098,0.4547697872257098,-0.10969758476572324,0.5756873099189226,-0.8095619663572955,-0.7818649406939325,0.2786463318716434,-0.9927900199130345
MDKF,-0.3394221166510657,0.21435202021909117,-1.1053619596825353,0.07365989511402335,-0.7523600174683445,0.9401428447553267,0.07365989511402335,-0.07365989511402317,0.37730066150363256,0.2002390643196252,0.4146737974314867,0.24472165252489134,-1.0256556471020073,0.12749355118943984
HGD,-1.8328794299157534,-0.6927319641870224,0.10817653777874518,-0.4547697872257098,-0.7523600174683445,1.4529480328036866,-0.4547697872257098,0.4547697872257098,0.8642989077729881,0.5756873099189226,0.8227523853610806,-0.7818649406939325,0.2786463318716434,-0.9927900199130345
DIAK,-0.3394221166510657,0.4288349327880245,-0.19520808658657487,0.07365989511402335,1.6184720800181094,-0.5982727193897533,0.07365989511402335,-0.07365989511402317,0.37730066150363256,0.2002390643196252,0.4146737974314867,0.24472165252489134,-1.0256556471020073,0.12749355118943984
NGQP,-0.3394221166510657,-0.6301744480210836,-0.19520808658657487,0.07365989511402335,-0.7523600174683445,-0.5982727193897533,0.07365989511402335,-0.07365989511402317,-1.0836940773044346,-0.9261056724782671,-0.8095619663572955,-0.7818649406939325,1.9090238055887068,-0.9927900199130345
KEEKI,1.154035196613622,-0.5282950645508403,-1.1053619596825353,-0.8775135330974962,0.19597282152623716,-0.5982727193897533,-0.8775135330974962,0.8775135330974966,1.253897504788473,0.8760459063983607,1.1492152557047561,0.039404333881126595,-1.0256556471020073,0.7996636938509245
CQY,-1.8328794299157534,0.1651996860887107,0.10817653777874518,0.6020895774537564,-0.7523600174683445,1.4529480328036866,0.6020895774537564,-0.6020895774537564,-1.0836940773044346,-0.9261056724782671,-0.8095619663572955,0.5869171835978325,-1.0256556471020073,-0.9927900199130345
TEAK,-0.3394221166510657,-0.26823453306100875,0.7149457865093855,-0.7189846283955763,0.4330560312748825,-0.5982727193897533,-0.7189846283955763,0.7189846283955765,0.37730066150363256,0.2002390643196252,0.4146737974314867,-0.7818649406939325,-1.0256556471020073,1.247777122291914
KDCK,-0.3394221166510657,-0.603364083949967,-0.19520808658657487,-0.7189846283955763,-0.7523600174683445,-0.5982727193897533,-0.7189846283955763,0.7189846283955765,1.107798030907666,1.3265838011175175,0.4146737974314867,-0.7818649406939325,-1.0256556471020073,-0.9927900199130345
GEGKK,1.154035196613622,-0.7213296858628802,0.35088423727100143,-0.24339791428981644,-0.7523600174683445,-0.5982727193897533,-0.24339791428981644,0.24339791428981697,0.6694996092652462,0.8760459063983607,0.1698266446737303,-0.7818649406939325,0.5395067276663736,-0.09656316303105499
IKNN,-0.3394221166510657,-0.28163971509656704,-1.1053619596825353,-0.7189846283955763,0.4330560312748825,-0.5982727193897533,-0.7189846283955763,0.7189846283955765,-0.35319670790040103,0.2002390643196252,-0.8095619663572955,0.24472165252489134,0.9307973213584688,-0.9927900199130345
KKEG,-0.3394221166510657,-0.9921143629811586,-0.19520808658657487,-0.7189846283955763,-0.7523600174683445,-0.5982727193897533,-0.7189846283955763,0.7189846283955765,1.107798030907666,1.3265838011175175,0.4146737974314867,-0.7818649406939325,-0.0474291628717692,0.12749355118943984
PKEK,-0.3394221166510657,-1.1529765474078584,-1.1053619596825353,-0.7189846283955763,-0.7523600174683445,-0.5982727193897533,-0.7189846283955763,0.7189846283955765,1.107798030907666,1.3265838011175175,0.4146737974314867,-0.7818649406939325,-0.0474291628717692,0.12749355118943984
KPPG,-0.3394221166510657,-0.4290967174877086,-0.19520808658657487,0.866304418623623,-0.7523600174683445,-0.5982727193897533,0.866304418623623,-0.8663044186236228,-0.35319670790040103,0.2002390643196252,-0.8095619663572955,-0.7818649406939325,1.9090238055887068,-0.9927900199130345
KEEKE,1.154035196613622,-1.3862267148265734,-1.1053619596825353,-1.5116291519051759,-0.7523600174683445,-0.5982727193897533,-1.5116291519051759,1.511629151905176,1.8382954003116996,0.8760459063983607,2.1286038667357814,-0.7818649406939325,-1.0256556471020073,1.6958905507329038
CLIGG,1.154035196613622,1.6487064980238324,1.0790073357477699,1.6589489421332229,1.1443056605208188,-0.5982727193897533,1.6589489421332229,-1.6589489421332224,-1.0836940773044346,-0.9261056724782671,-0.8095619663572955,0.8606736084561857,0.5395067276663736,-0.09656316303105499
SNEE,-0.3394221166510657,-0.9384936348389252,-0.19520808658657487,-1.5116291519051759,-0.7523600174683445,-0.5982727193897533,-1.5116291519051759,1.511629151905176,0.37730066150363256,-0.9261056724782671,1.6389095612202687,-0.7818649406939325,0.9307973213584688,1.247777122291914
CGCCA,1.154035196613622,1.530740896110919,2.535253532701306,1.6589489421332229,0.19597282152623716,-0.5982727193897533,1.6589489421332229,-1.6589489421332224,-1.0836940773044346,-0.9261056724782671,-0.8095619663572955,-0.7818649406939325,-0.24307445971781677,-0.09656316303105499
GHWT,-0.3394221166510657,-0.12077753066986706,0.7149457865093855,0.07365989511402335,-0.7523600174683445,2.4785584089004065,0.07365989511402335,-0.07365989511402317,-0.35319670790040103,0.2002390643196252,-0.8095619663572955,0.24472165252489134,-0.0474291628717692,-0.9927900199130345
KEEKK,1.154035196613622,-1.4291232973403598,-1.1053619596825353,-1.5116291519051759,-0.7523600174683445,-0.5982727193897533,-1.5116291519051759,1.511629151905176,1.8382954003116996,1.7771216958366742,1.1492152557047561,-0.7818649406939325,-1.0256556471020073,0.7996636938509245
CGNCG,1.154035196613622,0.6513609545782928,1.807130434224538,1.024833323325543,-0.7523600174683445,-0.5982727193897533,1.024833323325543,-1.0248333233255427,-1.0836940773044346,-0.9261056724782671,-0.8095619663572955,-0.7818649406939325,1.3220879150505644,-0.9927900199130345
FTNS,-0.3394221166510657,0.2813779303968828,0.7149457865093855,-0.7189846283955763,-0.7523600174683445,0.9401428447553267,-0.7189846283955763,0.7189846283955765,-1.0836940773044346,-0.9261056724782671,-0.8095619663572955,0.24472165252489134,0.9307973213584688,-0.9927900199130345
KDKC,-0.3394221166510657,-0.603364083949967,-0.19520808658657487,-0.7189846283955763,-0.7523600174683445,-0.5982727193897533,-0.7189846283955763,0.7189846283955765,1.107798030907666,1.3265838011175175,0.4146737974314867,-0.7818649406939325,-1.0256556471020073,-0.9927900199130345
TILG,-0.3394221166510657,1.5414650417393656,0.7149457865093855,0.866304418623623,1.6184720800181094,-0.5982727193897533,0.866304418623623,-0.8663044186236228,-1.0836940773044346,-0.9261056724782671,-0.8095619663572955,1.2713082457437153,-0.0474291628717692,0.12749355118943984
QKEE,-0.3394221166510657,-1.3540542779412335,-1.1053619596825353,-1.5116291519051759,-0.7523600174683445,-0.5982727193897533,-1.5116291519051759,1.511629151905176,1.107798030907666,0.2002390643196252,1.6389095612202687,-0.7818649406939325,-1.0256556471020073,1.247777122291914
FPSP,-0.3394221166510657,0.41542975075246613,-0.19520808658657487,0.866304418623623,-0.7523600174683445,0.9401428447553267,0.866304418623623,-0.8663044186236228,-1.0836940773044346,-0.9261056724782671,-0.8095619663572955,0.24472165252489134,1.9090238055887068,-0.9927900199130345
FSLSL,1.154035196613622,1.5200167504824726,0.35088423727100143,0.3907177045178635,1.1443056605208188,0.6324597319263107,0.3907177045178635,-0.390717704517863,-1.0836940773044346,-0.9261056724782671,-0.8095619663572955,1.681942883031245,0.5395067276663736,0.7996636938509245
GEETK,1.154035196613622,-0.7106055402344335,0.35088423727100143,-0.8775135330974962,-0.7523600174683445,-0.5982727193897533,-0.8775135330974962,0.8775135330974966,0.6694996092652462,-0.0250298830399532,1.1492152557047561,-0.7818649406939325,-0.24307445971781677,0.7996636938509245
CGIG,-0.3394221166510657,1.4074132213837824,1.6250996596053457,1.6589489421332229,0.4330560312748825,-0.5982727193897533,1.6589489421332229,-1.6589489421332224,-1.0836940773044346,-0.9261056724782671,-0.8095619663572955,0.24472165252489134,0.9307973213584688,-0.9927900199130345
KKPK,-0.3394221166510657,-1.2065972755500918,-1.1053619596825353,-0.7189846283955763,-0.7523600174683445,-0.5982727193897533,-0.7189846283955763,0.7189846283955765,1.107798030907666,2.4529285379154095,-0.8095619663572955,-0.7818649406939325,-0.0474291628717692,-0.9927900199130345
FLIFL,1.154035196613622,2.4744657114142257,-1.1053619596825353,1.6589489421332229,2.0926384995154006,1.8631921832423748,1.6589489421332229,-1.6589489421332224,-1.0836940773044346,-0.9261056724782671,-0.8095619663572955,3.324481432181363,-1.0256556471020073,0.7996636938509245
EEERG,1.154035196613622,-1.07522649160162,-0.3772388612057669,-0.8775135330974962,-0.7523600174683445,-0.5982727193897533,-0.8775135330974962,0.8775135330974966,1.253897504788473,-0.0250298830399532,2.1286038667357814,-0.7818649406939325,-0.24307445971781677,1.6958905507329038
FLISL,1.154035196613622,2.0883964687901453,-0.3772388612057669,1.024833323325543,2.0926384995154006,0.6324597319263107,1.024833323325543,-1.0248333233255427,-1.0836940773044346,-0.9261056724782671,-0.8095619663572955,2.5032121576063044,-0.24307445971781677,0.7996636938509245
TDKK,-0.3394221166510657,-1.0323299090878335,-0.19520808658657487,-1.5116291519051759,-0.7523600174683445,-0.5982727193897533,-1.5116291519051759,1.511629151905176,1.107798030907666,1.3265838011175175,0.4146737974314867,-0.7818649406939325,-1.0256556471020073,-0.9927900199130345
KEETG,1.154035196613622,-0.7106055402344335,0.35088423727100143,-0.8775135330974962,-0.7523600174683445,-0.5982727193897533,-0.8775135330974962,0.8775135330974966,0.6694996092652462,-0.0250298830399532,1.1492152557047561,-0.7818649406939325,-0.24307445971781677,0.7996636938509245
WWS,-1.8328794299157534,0.11157895794647732,0.10817653777874518,0.6020895774537564,-0.7523600174683445,3.5041687849971264,0.6020895774537564,-0.6020895774537564,-1.0836940773044346,-0.9261056724782671,-0.8095619663572955,1.9556993078895977,0.2786463318716434,-0.9927900199130345
FLIP,-0.3394221166510657,1.8497842285572075,-1.1053619596825353,1.6589489421332229,1.6184720800181094,0.9401428447553267,1.6589489421332229,-1.6589489421332224,-1.0836940773044346,-0.9261056724782671,-0.8095619663572955,2.2978948389625393,-0.0474291628717692,0.12749355118943984
FKLFL,1.154035196613622,1.5736374786247058,-1.1053619596825353,1.024833323325543,1.1443056605208188,1.8631921832423748,1.024833323325543,-1.0248333233255427,-0.4992961817812077,-0.0250298830399532,-0.8095619663572955,2.5032121576063044,-1.0256556471020073,0.7996636938509245
KEESK,1.154035196613622,-1.0966747828585135,-0.3772388612057669,-1.5116291519051759,-0.7523600174683445,-0.5982727193897533,-1.5116291519051759,1.511629151905176,1.253897504788473,0.8760459063983607,1.1492152557047561,-0.7818649406939325,-0.24307445971781677,0.7996636938509245
EEERK,1.154035196613622,-1.4505715885972532,-1.1053619596825353,-1.5116291519051759,-0.7523600174683445,-0.5982727193897533,-1.5116291519051759,1.511629151905176,1.8382954003116996,0.8760459063983607,2.1286038667357814,-0.7818649406939325,-1.0256556471020073,1.6958905507329038
PKPN,-0.3394221166510657,-0.8446573605900167,-1.1053619596825353,0.07365989511402335,-0.7523600174683445,-0.5982727193897533,0.07365989511402335,-0.07365989511402317,-0.35319670790040103,0.2002390643196252,-0.8095619663572955,-0.7818649406939325,1.9090238055887068,-0.9927900199130345
KRDD,-0.3394221166510657,-1.4881060982968166,-1.1053619596825353,-1.5116291519051759,-0.7523600174683445,-0.5982727193897533,-1.5116291519051759,1.511629151905176,1.8382954003116996,1.3265838011175175,1.6389095612202687,-0.7818649406939325,-1.0256556471020073,-0.9927900199130345
GYPSG,1.154035196613622,0.09370538189906616,1.0790073357477699,1.024833323325543,-0.7523600174683445,0.6324597319263107,1.024833323325543,-1.0248333233255427,-1.0836940773044346,-0.9261056724782671,-0.8095619663572955,0.039404333881126595,2.1046691024347544,-0.9927900199130345
NPTT,-0.3394221166510657,-0.29504489713212534,0.7149457865093855,-0.7189846283955763,-0.7523600174683445,-0.5982727193897533,-0.7189846283955763,0.7189846283955765,-1.0836940773044346,-0.9261056724782671,-0.8095619663572955,-0.7818649406939325,0.9307973213584688,-0.9927900199130345
FLLFL,1.154035196613622,2.399396692015099,-1.1053619596825353,1.6589489421332229,2.0926384995154,1.8631921832423748,1.6589489421332229,-1.6589489421332224,-1.0836940773044346,-0.9261056724782671,-0.8095619663572955,3.324481432181363,-1.0256556471020073,1.6958905507329038
EKEKG,1.154035196613622,-1.0537782003447267,-0.3772388612057669,-0.8775135330974962,-0.7523600174683445,-0.5982727193897533,-0.8775135330974962,0.8775135330974966,1.253897504788473,0.8760459063983607,1.1492152557047561,-0.7818649406939325,-0.24307445971781677,0.7996636938509245
KNEKK,1.154035196613622,-1.4291232973403598,-1.1053619596825353,-1.5116291519051759,-0.7523600174683445,-0.5982727193897533,-1.5116291519051759,1.511629151905176,1.253897504788473,1.7771216958366742,0.1698266446737303,-0.7818649406939325,-0.24307445971781677,-0.09656316303105499
KYPN,-0.3394221166510657,-0.804441814483342,-1.1053619596825353,0.07365989511402335,-0.7523600174683445,0.9401428447553267,0.07365989511402335,-0.07365989511402317,-0.35319670790040103,0.2002390643196252,-0.8095619663572955,0.24472165252489134,0.9307973213584688,-0.9927900199130345
PNPGG,1.154035196613622,-0.22801898695433367,0.35088423727100143,1.024833323325543,-0.7523600174683445,-0.5982727193897533,1.024833323325543,-1.0248333233255427,-1.0836940773044346,-0.9261056724782671,-0.8095619663572955,-0.7818649406939325,2.8872502898189447,-0.9927900199130345
IIYE,-0.3394221166510657,1.1393095806726161,-1.1053619596825353,0.866304418623623,1.6184720800181094,0.9401428447553267,0.866304418623623,-0.8663044186236228,-0.35319670790040103,-0.9261056724782671,0.4146737974314867,2.2978948389625393,-1.0256556471020073,0.12749355118943984
NLTL,-0.3394221166510657,1.0320681243881493,-0.19520808658657487,0.07365989511402335,1.6184720800181094,-0.5982727193897533,0.07365989511402335,-0.07365989511402317,-1.0836940773044346,-0.9261056724782671,-0.8095619663572955,1.2713082457437153,-0.0474291628717692,1.247777122291914
EEGKK,1.154035196613622,-1.0537782003447267,-0.3772388612057669,-0.8775135330974962,-0.7523600174683445,-0.5982727193897533,-0.8775135330974962,0.8775135330974966,1.253897504788473,0.8760459063983607,1.1492152557047561,-0.7818649406939325,-0.24307445971781677,0.7996636938509245
RKEE,-0.3394221166510657,-1.4881060982968166,-1.1053619596825353,-1.5116291519051759,-0.7523600174683445,-0.5982727193897533,-1.5116291519051759,1.511629151905176,1.8382954003116996,1.3265838011175175,1.6389095612202687,-0.7818649406939325,-1.0256556471020073,1.247777122291914
EKEKK,1.154035196613622,-1.4291232973403598,-1.1053619596825353,-1.5116291519051759,-0.7523600174683445,-0.5982727193897533,-1.5116291519051759,1.511629151905176,1.8382954003116996,1.7771216958366742,1.1492152557047561,-0.7818649406939325,-1.0256556471020073,0.7996636938509245
PTPK,-0.3394221166510657,-0.46931226359438355,-0.19520808658657487,0.07365989511402335,-0.7523600174683445,-0.5982727193897533,0.07365989511402335,-0.07365989511402317,-0.35319670790040103,0.2002390643196252,-0.8095619663572955,-0.7818649406939325,0.9307973213584688,-0.9927900199130345
QLAK,-0.3394221166510657,0.33499865853911615,-0.19520808658657487,0.07365989511402335,1.6184720800181094,-0.5982727193897533,0.07365989511402335,-0.07365989511402317,-0.35319670790040103,0.2002390643196252,-0.8095619663572955,0.24472165252489134,-1.0256556471020073,1.247777122291914
FSIFL,1.154035196613622,1.9811550125056792,-0.3772388612057669,1.024833323325543,1.1443056605208188,1.8631921832423748,1.024833323325543,-1.0248333233255427,-1.0836940773044346,-0.9261056724782671,-0.8095619663572955,2.5032121576063044,-0.24307445971781677,-0.09656316303105499
QEAF,-0.3394221166510657,0.25456756632576616,-0.19520808658657487,0.07365989511402335,0.4330560312748825,0.9401428447553267,0.07365989511402335,-0.07365989511402317,-0.35319670790040103,-0.9261056724782671,0.4146737974314867,0.24472165252489134,-1.0256556471020073,1.247777122291914
IANG,-0.3394221166510657,0.898016304032566,0.7149457865093855,0.866304418623623,1.6184720800181094,-0.5982727193897533,0.866304418623623,-0.8663044186236228,-1.0836940773044346,-0.9261056724782671,-0.8095619663572955,0.24472165252489134,0.9307973213584688,0.12749355118943984
NCD,-1.8328794299157534,-0.22801898695433367,0.10817653777874518,-0.4547697872257098,-0.7523600174683445,-0.5982727193897533,-0.4547697872257098,0.4547697872257098,-0.10969758476572324,-0.9261056724782671,0.8227523853610806,-0.7818649406939325,0.2786463318716434,-0.9927900199130345
TASG,-0.3394221166510657,0.5628867531436078,2.535253532701306,0.07365989511402335,0.4330560312748825,-0.5982727193897533,0.07365989511402335,-0.07365989511402317,-1.0836940773044346,-0.9261056724782671,-0.8095619663572955,-0.7818649406939325,0.9307973213584688,0.12749355118943984
PSPGG,1.154035196613622,0.061532945013726144,1.0790073357477699,1.024833323325543,-0.7523600174683445,-0.5982727193897533,1.024833323325543,-1.0248333233255427,-1.0836940773044346,-0.9261056724782671,-0.8095619663572955,-0.7818649406939325,2.8872502898189447,-0.9927900199130345
THE,-1.8328794299157534,-0.7463526923292558,0.10817653777874518,-1.5116291519051759,-0.7523600174683445,1.4529480328036866,-1.5116291519051759,1.511629151905176,0.8642989077729881,0.5756873099189226,0.8227523853610806,-0.7818649406939325,-1.0256556471020073,0.5009214082235979
HWTQ,-0.3394221166510657,-0.5363381737721753,-0.19520808658657487,-0.7189846283955763,-0.7523600174683445,2.4785584089004065,-0.7189846283955763,0.7189846283955765,-0.35319670790040103,0.2002390643196252,-0.8095619663572955,0.24472165252489134,-1.0256556471020073,-0.9927900199130345
ELIY,-0.3394221166510657,1.0454733064237076,-1.1053619596825353,0.866304418623623,1.6184720800181094,0.9401428447553267,0.866304418623623,-0.8663044186236228,-0.35319670790040103,-0.9261056724782671,0.4146737974314867,2.2978948389625393,-1.0256556471020073,1.247777122291914
KDKM,-0.3394221166510657,-0.6837951761633169,-1.1053619596825353,-0.7189846283955763,-0.7523600174683445,-0.5982727193897533,-0.7189846283955763,0.7189846283955765,1.107798030907666,1.3265838011175175,0.4146737974314867,-0.7818649406939325,-1.0256556471020073,0.12749355118943984
KMKG,-0.3394221166510657,-0.26823453306100875,-0.19520808658657487,0.07365989511402335,-0.7523600174683445,-0.5982727193897533,0.07365989511402335,-0.07365989511402317,0.37730066150363256,1.3265838011175175,-0.8095619663572955,-0.7818649406939325,-0.0474291628717692,0.12749355118943984
ADAE,-0.3394221166510657,0.1205157459701829,0.7149457865093855,0.07365989511402335,1.6184720800181094,-0.5982727193897533,0.07365989511402335,-0.07365989511402317,0.37730066150363256,-0.9261056724782671,1.6389095612202687,-0.7818649406939325,-1.0256556471020073,2.368060693394389
KEGKK,1.154035196613622,-1.0966747828585135,-0.3772388612057669,-0.8775135330974962,-0.7523600174683445,-0.5982727193897533,-0.8775135330974962,0.8775135330974966,1.253897504788473,1.7771216958366742,0.1698266446737303,-0.7818649406939325,-0.24307445971781677,-0.09656316303105499
YYPGG,1.154035196613622,0.040084653756832796,0.35088423727100143,1.6589489421332229,-0.7523600174683445,1.8631921832423748,1.6589489421332229,-1.6589489421332224,-1.0836940773044346,-0.9261056724782671,-0.8095619663572955,0.8606736084561857,1.3220879150505644,-0.9927900199130345
KTD,-1.8328794299157534,-0.8714677246611333,0.10817653777874518,-1.5116291519051759,-0.7523600174683445,-0.5982727193897533,-1.5116291519051759,1.511629151905176,0.8642989077729881,0.5756873099189226,0.8227523853610806,-0.7818649406939325,-1.0256556471020073,-0.9927900199130345
PKPY,-0.3394221166510657,-0.5497433558077336,-1.1053619596825353,0.866304418623623,-0.7523600174683445,0.9401428447553267,0.866304418623623,-0.8663044186236228,-0.35319670790040103,0.2002390643196252,-0.8095619663572955,0.24472165252489134,0.9307973213584688,-0.9927900199130345
KELKK,1.154035196613622,-0.6462606664637537,-1.1053619596825353,-0.8775135330974962,0.19597282152623716,-0.5982727193897533,-0.8775135330974962,0.8775135330974966,1.253897504788473,1.7771216958366742,0.1698266446737303,0.039404333881126595,-1.0256556471020073,0.7996636938509245
QEKL,-0.3394221166510657,-0.3754759893454754,-1.1053619596825353,-0.7189846283955763,0.4330560312748825,-0.5982727193897533,-0.7189846283955763,0.7189846283955765,0.37730066150363256,0.2002390643196252,0.4146737974314867,0.24472165252489134,-1.0256556471020073,1.247777122291914
CGSGG,1.154035196613622,0.6299126633213995,2.535253532701306,1.024833323325543,-0.7523600174683445,-0.5982727193897533,1.024833323325543,-1.0248333233255427,-1.0836940773044346,-0.9261056724782671,-0.8095619663572955,-0.7818649406939325,2.1046691024347544,-0.9927900199130345
KEENK,1.154035196613622,-1.3862267148265734,-1.1053619596825353,-1.5116291519051759,-0.7523600174683445,-0.5982727193897533,-1.5116291519051759,1.511629151905176,1.253897504788473,0.8760459063983607,1.1492152557047561,-0.7818649406939325,-0.24307445971781677,0.7996636938509245
